{
  "mgca": {
    "exponential": {
      "Multispecies_Anand": {
        "values": [
          0.44485979,
          0.08454554
        ],
        "cov": [
          [
            0.0008745895502426714,
            -7.93910323378961e-05
          ],
          [
            -7.93910323378961e-05,
            7.357990906125343e-06
          ]
        ],
        "info": "Exponential function re-fit to multispecies data of Anand et al (1996) by Holland et al (sub.).",
        "labels": [
          "A",
          "B"
        ]
      },
      "O_universa_Russell": {
        "values": [
          0.09818009,
          0.80665803
        ],
        "cov": [
          [
            5.07123494e-05,
            -0.000916403586
          ],
          [
            -0.000916403586,
            0.0168173328
          ]
        ],
        "info": "Exponential function re-fit to O. universa data of Russell et al (2004) by Holland et al (sub.).",
        "labels": [
          "A",
          "B"
        ]
      }
    },
    "holland_2020": {
      "O_universa": {
        "values": [
          0.7845989020706967,
          0.338235765600879,
          22.762308789465138,
          0.08747900868590666,
          0.6362287779822355
        ],
        "cov": [
          [
            0.003618795124666938,
            0.000297183522149828,
            0.3915335798540285,
            7.202304261058071e-05,
            -0.010170570822695985
          ],
          [
            0.000297183522149828,
            0.0037003845744986085,
            0.04034721656646687,
            -3.0750360568656017e-05,
            0.022410684333871347
          ],
          [
            0.3915335798540285,
            0.04034721656646687,
            56.108146293878704,
            0.0012128061113727139,
            -1.0579971742330954
          ],
          [
            7.202304261058071e-05,
            -3.0750360568656017e-05,
            0.0012128061113727139,
            0.00016463802179008866,
            -0.003896115249660651
          ],
          [
            -0.010170570822695985,
            0.022410684333871347,
            -1.0579971742330954,
            -0.003896115249660651,
            0.2511959329824082
          ]
        ],
        "info": "Multi-parameter regression of Holland et al (sub.) fit to O. universa data.",
        "labels": [
          "A",
          "B",
          "C",
          "D",
          "E"
        ]
      },
      "Multispecies_Anand": {
        "values": [
          0.7845989020706967,
          0.338235765600879,
          22.762308789465138,
          0.08747900868590666,
          -0.30047780928585843
        ],
        "cov": [
          [
            0.00361879512466694,
            0.00029718352214982914,
            0.3915335798540288,
            7.202304261058075e-05,
            -0.010170570822695988
          ],
          [
            0.00029718352214982914,
            0.0037003845744986146,
            0.0403472165664672,
            -3.075036056865698e-05,
            0.022410684333871386
          ],
          [
            0.3915335798540288,
            0.0403472165664672,
            56.108146293878775,
            0.0012128061113726753,
            -1.0579971742330943
          ],
          [
            7.202304261058075e-05,
            -3.075036056865698e-05,
            0.0012128061113726753,
            0.00016463802179008877,
            -0.003896115249660654
          ],
          [
            -0.010170570822695988,
            0.022410684333871386,
            -1.0579971742330943,
            -0.003896115249660654,
            0.2511959412533187
          ]
        ],
        "info": "Multi-parameter regression of Holland et al (2020) adapted for other species. Parameters A, B, C and D fit to O. universa data, and parameter E fit to Anand et al (1996) multi-species data.",
        "labels": [
          "A",
          "B",
          "C",
          "D",
          "E"
        ]
      },
      "G_ruber_white_CO3_culture": {
        "values": [
          0.8370306974911095,
          -0.4088692237114474,
          400.4596271122823,
          0.08627075358147493,
          -9.72114069274889
        ],
        "cov": [
          [
            0.0278877822869373,
            0.002642733495936177,
            5.947570603553475,
            0.00045245527884356634,
            -0.09719069638532071
          ],
          [
            0.002642733495936177,
            0.0048853922700784255,
            1.1069614011141433,
            -0.00029962282191862586,
            0.034004497959014245
          ],
          [
            5.947570603553475,
            1.1069614011141433,
            20355.06106035687,
            0.9331255551053601,
            -243.57848972540904
          ],
          [
            0.00045245527884356634,
            -0.00029962282191862586,
            0.9331255551053601,
            0.0008049455531218513,
            -0.034658327957105446
          ],
          [
            -0.09719069638532071,
            0.034004497959014245,
            -243.57848972540904,
            -0.034658327957105446,
            3.986712854171978
          ]
        ],
        "info": "Multi-parameter regression of Holland et al (2020) fitted to G. ruber (white) culture data using [CO3] as the carbon parameter.",
        "labels": [
          "A",
          "B",
          "C",
          "D",
          "E"
        ]
      },
      "G_ruber_white_pH_culture": {
        "values": [
          0.713001502556747,
          0.36827168281970396,
          338.4247673711896,
          0.0717956695558158,
          1.7747133955443932
        ],
        "cov": [
          [
            0.028646181194540113,
            -0.003545846748947921,
            6.615263603775142,
            0.00046808244611543743,
            -0.19349590264844027
          ],
          [
            -0.003545846748947921,
            0.003804624151980977,
            -1.6174942606865372,
            0.00010296399274107237,
            0.0897037363973891
          ],
          [
            6.615263603775142,
            -1.6174942606865372,
            20198.0225937492,
            0.923344884706448,
            -281.7542450152599
          ],
          [
            0.00046808244611543743,
            0.00010296399274107237,
            0.923344884706448,
            0.0007681606506671307,
            -0.029139312277286212
          ],
          [
            -0.19349590264844027,
            0.0897037363973891,
            -281.7542450152599,
            -0.029139312277286212,
            5.746904630203509
          ]
        ],
        "info": "Multi-parameter regression of Holland et al (2020) fitted to G. ruber (white) culture data using [H] as the carbon parameter.",
        "labels": [
          "A",
          "B",
          "C",
          "D",
          "E"
        ]
      },
      "G_ruber_white_CO3_sedtrap": {
        "values": [
          0.8379771229120587,
          -0.40948437332273563,
          184.5811527332709,
          0.06771017491996238,
          -6.870095584270784
        ],